,time,mph,acceleration
0,0.0,0.0,0.0
1,0.5,0.0,0.0
2,1.0,0.0,0.0
3,1.5,0.0,0.0
4,2.0,0.0,1.0
5,2.5,1.0,2.0
6,3.0,2.0,2.45
7,3.5,3.45,2.9000000000000004
8,4.0,4.9,3.05
9,4.5,6.5,3.1999999999999993
10,5.0,8.1,3.1999999999999993
11,5.5,9.7,3.200000000000001
12,6.0,11.3,3.200000000000001
13,6.5,12.9,3.1999999999999993
14,7.0,14.5,3.0
15,7.5,15.9,2.8000000000000007
16,8.0,17.3,2.5500000000000025
17,8.5,18.450000000000003,2.3000000000000007
18,9.0,19.6,2.25
19,9.5,20.700000000000003,2.1999999999999993
20,10.0,21.8,2.1999999999999957
21,10.5,22.9,2.1999999999999993
22,11.0,24.0,2.0
23,11.5,24.9,1.8000000000000007
24,12.0,25.8,1.5500000000000043
25,12.5,26.450000000000003,1.3000000000000007
26,13.0,27.1,1.0999999999999979
27,13.5,27.55,0.8999999999999986
28,14.0,28.0,0.9499999999999993
29,14.5,28.5,1.0
30,15.0,29.0,1.0
31,15.5,29.5,1.0
32,16.0,30.0,0.8500000000000014
33,16.5,30.35,0.6999999999999993
34,17.0,30.7,0.75
35,17.5,31.1,0.8000000000000007
36,18.0,31.5,0.75
37,18.5,31.85,0.7000000000000028
38,19.0,32.2,0.6999999999999957
39,19.5,32.55,0.6999999999999957
40,20.0,32.9,0.6500000000000057
41,20.5,33.2,0.6000000000000014
42,21.0,33.5,0.5999999999999943
43,21.5,33.8,0.6000000000000014
44,22.0,34.1,0.5500000000000043
45,22.5,34.35,0.5
46,23.0,34.6,0.3999999999999986
47,23.5,34.75,0.29999999999999716
48,24.0,34.9,0.25
49,24.5,35.0,0.20000000000000284
50,25.0,35.1,0.4000000000000057
51,25.5,35.400000000000006,0.6000000000000014
52,26.0,35.7,0.3999999999999915
53,26.5,35.8,0.19999999999999574
54,27.0,35.9,0.04999999999999716
55,27.5,35.849999999999994,-0.10000000000000142
56,28.0,35.8,-0.29999999999999716
57,28.5,35.55,-0.5
58,29.0,35.3,-0.45000000000000284
59,29.5,35.099999999999994,-0.3999999999999986
60,30.0,34.9,-0.3999999999999915
61,30.5,34.7,-0.3999999999999986
62,31.0,34.5,-0.15000000000000568
63,31.5,34.55,0.10000000000000142
64,32.0,34.6,0.15000000000000568
65,32.5,34.7,0.19999999999999574
66,33.0,34.8,0.25
67,33.5,34.95,0.30000000000000426
68,34.0,35.1,0.45000000000000284
69,34.5,35.400000000000006,0.6000000000000014
70,35.0,35.7,0.5
71,35.5,35.900000000000006,0.3999999999999986
72,36.0,36.1,0.25
73,36.5,36.150000000000006,0.10000000000000142
74,37.0,36.2,0.19999999999999574
75,37.5,36.35,0.29999999999999716
76,38.0,36.5,0.25
77,38.5,36.6,0.20000000000000284
78,39.0,36.7,0.19999999999999574
79,39.5,36.8,0.19999999999999574
80,40.0,36.9,0.15000000000000568
81,40.5,36.95,0.10000000000000142
82,41.0,37.0,0.04999999999999716
83,41.5,37.0,0.0
84,42.0,37.0,0.0
85,42.5,37.0,0.0
86,43.0,37.0,0.0
87,43.5,37.0,0.0
88,44.0,37.0,0.0
89,44.5,37.0,0.0
90,45.0,37.0,0.0
91,45.5,37.0,0.0
92,46.0,37.0,0.04999999999999716
93,46.5,37.05,0.10000000000000142
94,47.0,37.1,0.15000000000000568
95,47.5,37.2,0.19999999999999574
96,48.0,37.3,0.3499999999999943
97,48.5,37.55,0.5
98,49.0,37.8,0.6500000000000057
99,49.5,38.2,0.8000000000000043
100,50.0,38.6,0.75
101,50.5,38.95,0.6999999999999957
102,51.0,39.3,0.6999999999999957
103,51.5,39.65,0.7000000000000028
104,52.0,40.0,0.7000000000000028
105,52.5,40.35,0.7000000000000028
106,53.0,40.7,0.6999999999999957
107,53.5,41.05,0.6999999999999957
108,54.0,41.4,0.75
109,54.5,41.8,0.8000000000000043
110,55.0,42.2,0.75
111,55.5,42.55,0.6999999999999957
112,56.0,42.9,0.6500000000000057
113,56.5,43.2,0.6000000000000014
114,57.0,43.5,0.5499999999999972
115,57.5,43.75,0.5
116,58.0,44.0,0.3999999999999986
117,58.5,44.15,0.29999999999999716
118,59.0,44.3,0.25
119,59.5,44.4,0.20000000000000284
120,60.0,44.5,0.25
121,60.5,44.65,0.29999999999999716
122,61.0,44.8,0.19999999999999574
123,61.5,44.849999999999994,0.10000000000000142
124,62.0,44.9,0.10000000000000853
125,62.5,44.95,0.10000000000000142
126,63.0,45.0,0.09999999999999432
127,63.5,45.05,0.10000000000000142
128,64.0,45.1,0.20000000000000284
129,64.5,45.25,0.29999999999999716
130,65.0,45.4,0.29999999999999716
131,65.5,45.55,0.30000000000000426
132,66.0,45.7,0.30000000000000426
133,66.5,45.85,0.29999999999999716
134,67.0,46.0,0.29999999999999716
135,67.5,46.15,0.29999999999999716
136,68.0,46.3,0.25
137,68.5,46.4,0.20000000000000284
138,69.0,46.5,0.25
139,69.5,46.65,0.29999999999999716
140,70.0,46.8,0.19999999999999574
141,70.5,46.849999999999994,0.10000000000000142
142,71.0,46.9,0.10000000000000853
143,71.5,46.95,0.10000000000000142
144,72.0,47.0,0.09999999999999432
145,72.5,47.05,0.10000000000000142
146,73.0,47.1,0.10000000000000853
147,73.5,47.150000000000006,0.10000000000000142
148,74.0,47.2,0.09999999999999432
149,74.5,47.25,0.09999999999999432
150,75.0,47.3,0.0
151,75.5,47.25,-0.09999999999999432
152,76.0,47.2,-0.09999999999999432
153,76.5,47.150000000000006,-0.10000000000000142
154,77.0,47.1,-0.10000000000000853
155,77.5,47.05,-0.10000000000000142
156,78.0,47.0,-0.09999999999999432
157,78.5,46.95,-0.10000000000000142
158,79.0,46.9,-0.05000000000000426
159,79.5,46.9,0.0
160,80.0,46.9,0.0
161,80.5,46.9,0.0
162,81.0,46.9,0.05000000000000426
163,81.5,46.95,0.10000000000000142
164,82.0,47.0,0.09999999999999432
165,82.5,47.05,0.10000000000000142
166,83.0,47.1,0.05000000000000426
167,83.5,47.1,0.0
168,84.0,47.1,0.05000000000000426
169,84.5,47.150000000000006,0.10000000000000142
170,85.0,47.2,0.0
171,85.5,47.150000000000006,-0.10000000000000142
172,86.0,47.1,-0.10000000000000853
173,86.5,47.05,-0.10000000000000142
174,87.0,47.0,-0.09999999999999432
175,87.5,46.95,-0.10000000000000142
176,88.0,46.9,-0.25
177,88.5,46.7,-0.3999999999999986
178,89.0,46.5,-0.30000000000000426
179,89.5,46.4,-0.20000000000000284
180,90.0,46.3,-0.14999999999999858
181,90.5,46.25,-0.09999999999999432
182,91.0,46.2,0.0
183,91.5,46.25,0.09999999999999432
184,92.0,46.3,0.14999999999999858
185,92.5,46.4,0.20000000000000284
186,93.0,46.5,0.30000000000000426
187,93.5,46.7,0.3999999999999986
188,94.0,46.9,0.29999999999999716
189,94.5,47.0,0.20000000000000284
190,95.0,47.1,0.25
191,95.5,47.25,0.29999999999999716
192,96.0,47.4,0.29999999999999716
193,96.5,47.55,0.30000000000000426
194,97.0,47.7,0.30000000000000426
195,97.5,47.85,0.29999999999999716
196,98.0,48.0,0.25
197,98.5,48.1,0.20000000000000284
198,99.0,48.2,0.25
199,99.5,48.35,0.29999999999999716
200,100.0,48.5,0.29999999999999716
201,100.5,48.65,0.29999999999999716
202,101.0,48.8,0.30000000000000426
203,101.5,48.95,0.30000000000000426
204,102.0,49.1,0.20000000000000284
205,102.5,49.150000000000006,0.10000000000000142
206,103.0,49.2,0.0
207,103.5,49.150000000000006,-0.10000000000000142
208,104.0,49.1,-0.05000000000000426
209,104.5,49.1,0.0
210,105.0,49.1,-0.05000000000000426
211,105.5,49.05,-0.10000000000000142
212,106.0,49.0,-0.04999999999999716
213,106.5,49.0,0.0
214,107.0,49.0,0.04999999999999716
215,107.5,49.05,0.10000000000000142
216,108.0,49.1,0.10000000000000853
217,108.5,49.150000000000006,0.10000000000000142
218,109.0,49.2,0.09999999999999432
219,109.5,49.25,0.09999999999999432
220,110.0,49.3,0.09999999999999432
221,110.5,49.349999999999994,0.10000000000000142
222,111.0,49.4,0.10000000000000853
223,111.5,49.45,0.10000000000000142
224,112.0,49.5,0.04999999999999716
225,112.5,49.5,0.0
226,113.0,49.5,0.0
227,113.5,49.5,0.0
228,114.0,49.5,-0.04999999999999716
229,114.5,49.45,-0.10000000000000142
230,115.0,49.4,-0.20000000000000284
231,115.5,49.25,-0.29999999999999716
232,116.0,49.1,-0.25
233,116.5,49.0,-0.20000000000000284
234,117.0,48.9,-0.25
235,117.5,48.75,-0.29999999999999716
236,118.0,48.6,-0.25
237,118.5,48.5,-0.20000000000000284
238,119.0,48.4,-0.25
239,119.5,48.25,-0.29999999999999716
240,120.0,48.1,-0.3499999999999943
241,120.5,47.900000000000006,-0.3999999999999986
242,121.0,47.7,-0.3500000000000085
243,121.5,47.55,-0.30000000000000426
244,122.0,47.4,-0.20000000000000284
245,122.5,47.349999999999994,-0.10000000000000142
246,123.0,47.3,0.05000000000000426
247,123.5,47.4,0.20000000000000284
248,124.0,47.5,0.25
249,124.5,47.65,0.29999999999999716
250,125.0,47.8,0.19999999999999574
251,125.5,47.849999999999994,0.10000000000000142
252,126.0,47.9,0.10000000000000853
253,126.5,47.95,0.10000000000000142
254,127.0,48.0,0.0
255,127.5,47.95,-0.10000000000000142
256,128.0,47.9,-0.05000000000000426
257,128.5,47.9,0.0
258,129.0,47.9,0.0
259,129.5,47.9,0.0
260,130.0,47.9,0.05000000000000426
261,130.5,47.95,0.10000000000000142
262,131.0,48.0,0.04999999999999716
263,131.5,48.0,0.0
264,132.0,48.0,0.0
265,132.5,48.0,0.0
266,133.0,48.0,-0.04999999999999716
267,133.5,47.95,-0.10000000000000142
268,134.0,47.9,-0.3500000000000085
269,134.5,47.599999999999994,-0.6000000000000014
270,135.0,47.3,-0.9499999999999957
271,135.5,46.65,-1.2999999999999972
272,136.0,46.0,-2.0
273,136.5,44.65,-2.700000000000003
274,137.0,43.3,-2.3999999999999986
275,137.5,42.25,-2.0999999999999943
276,138.0,41.2,-1.8999999999999986
277,138.5,40.35,-1.7000000000000028
278,139.0,39.5,-1.0
279,139.5,39.35,-0.29999999999999716
280,140.0,39.2,-0.25
281,140.5,39.1,-0.20000000000000284
282,141.0,39.0,-0.10000000000000142
283,141.5,39.0,0.0
284,142.0,39.0,0.04999999999999716
285,142.5,39.05,0.10000000000000142
286,143.0,39.1,0.25
287,143.5,39.3,0.3999999999999986
288,144.0,39.5,0.5
289,144.5,39.8,0.6000000000000014
290,145.0,40.1,0.75
291,145.5,40.55,0.8999999999999986
292,146.0,41.0,0.9500000000000028
293,146.5,41.5,1.0
294,147.0,42.0,1.0499999999999972
295,147.5,42.55,1.1000000000000014
296,148.0,43.1,0.8500000000000085
297,148.5,43.400000000000006,0.6000000000000014
298,149.0,43.7,0.5
299,149.5,43.900000000000006,0.3999999999999986
300,150.0,44.1,0.29999999999999716
301,150.5,44.2,0.19999999999999574
302,151.0,44.3,0.14999999999999147
303,151.5,44.349999999999994,0.10000000000000142
304,152.0,44.4,0.15000000000000568
305,152.5,44.5,0.20000000000000284
306,153.0,44.6,0.15000000000000568
307,153.5,44.650000000000006,0.10000000000000142
308,154.0,44.7,0.14999999999999147
309,154.5,44.8,0.19999999999999574
310,155.0,44.9,0.25
311,155.5,45.05,0.30000000000000426
312,156.0,45.2,0.4000000000000057
313,156.5,45.45,0.5
314,157.0,45.7,0.3499999999999943
315,157.5,45.8,0.19999999999999574
316,158.0,45.9,0.29999999999999716
317,158.5,46.099999999999994,0.3999999999999986
318,159.0,46.3,0.45000000000000284
319,159.5,46.55,0.5
320,160.0,46.8,0.29999999999999716
321,160.5,46.849999999999994,0.10000000000000142
322,161.0,46.9,0.10000000000000853
323,161.5,46.95,0.10000000000000142
324,162.0,47.0,0.09999999999999432
325,162.5,47.05,0.10000000000000142
326,163.0,47.1,0.30000000000000426
327,163.5,47.35,0.5
328,164.0,47.6,0.3999999999999986
329,164.5,47.75,0.29999999999999716
330,165.0,47.9,0.20000000000000284
331,165.5,47.95,0.10000000000000142
332,166.0,48.0,0.04999999999999716
333,166.5,48.0,0.0
334,167.0,48.0,-0.04999999999999716
335,167.5,47.95,-0.10000000000000142
336,168.0,47.9,-0.10000000000000853
337,168.5,47.849999999999994,-0.10000000000000142
338,169.0,47.8,-0.29999999999999716
339,169.5,47.55,-0.5
340,170.0,47.3,-0.5499999999999972
341,170.5,47.0,-0.5999999999999943
342,171.0,46.7,-0.5499999999999972
343,171.5,46.45,-0.5
344,172.0,46.2,-0.4000000000000057
345,172.5,46.05,-0.30000000000000426
346,173.0,45.9,-0.25
347,173.5,45.8,-0.19999999999999574
348,174.0,45.7,-0.19999999999999574
349,174.5,45.6,-0.20000000000000284
350,175.0,45.5,-0.14999999999999858
351,175.5,45.45,-0.10000000000000142
352,176.0,45.4,-0.10000000000000853
353,176.5,45.349999999999994,-0.10000000000000142
354,177.0,45.3,-0.19999999999999574
355,177.5,45.15,-0.29999999999999716
356,178.0,45.0,-0.6499999999999986
357,178.5,44.5,-1.0
358,179.0,44.0,-0.9500000000000028
359,179.5,43.55,-0.8999999999999986
360,180.0,43.1,-0.8999999999999915
361,180.5,42.650000000000006,-0.8999999999999986
362,181.0,42.2,-0.8000000000000043
363,181.5,41.85,-0.7000000000000028
364,182.0,41.5,-0.3500000000000014
365,182.5,41.5,0.0
366,183.0,41.5,0.29999999999999716
367,183.5,41.8,0.6000000000000014
368,184.0,42.1,0.7000000000000028
369,184.5,42.5,0.7999999999999972
370,185.0,42.9,0.7000000000000028
371,185.5,43.2,0.6000000000000014
372,186.0,43.5,0.5
373,186.5,43.7,0.3999999999999986
374,187.0,43.9,0.04999999999999716
375,187.5,43.75,-0.29999999999999716
376,188.0,43.6,-0.29999999999999716
377,188.5,43.45,-0.30000000000000426
378,189.0,43.3,-0.30000000000000426
379,189.5,43.15,-0.29999999999999716
380,190.0,43.0,-0.10000000000000142
381,190.5,43.05,0.10000000000000142
382,191.0,43.1,0.20000000000000284
383,191.5,43.25,0.29999999999999716
384,192.0,43.4,0.3999999999999986
385,192.5,43.65,0.5
386,193.0,43.9,0.44999999999999574
387,193.5,44.099999999999994,0.3999999999999986
388,194.0,44.3,0.3500000000000085
389,194.5,44.45,0.30000000000000426
390,195.0,44.6,0.29999999999999716
391,195.5,44.75,0.29999999999999716
392,196.0,44.9,0.09999999999999432
393,196.5,44.849999999999994,-0.10000000000000142
394,197.0,44.8,-0.25
395,197.5,44.599999999999994,-0.3999999999999986
396,198.0,44.4,-0.44999999999999574
397,198.5,44.15,-0.5
398,199.0,43.9,-0.5
399,199.5,43.65,-0.5
400,200.0,43.4,-0.3500000000000014
401,200.5,43.3,-0.19999999999999574
402,201.0,43.2,-0.09999999999999432
403,201.5,43.2,0.0
404,202.0,43.2,-0.04999999999999716
405,202.5,43.150000000000006,-0.10000000000000142
406,203.0,43.1,-0.10000000000000853
407,203.5,43.05,-0.10000000000000142
408,204.0,43.0,-0.04999999999999716
409,204.5,43.0,0.0
410,205.0,43.0,0.04999999999999716
411,205.5,43.05,0.10000000000000142
412,206.0,43.1,0.20000000000000284
413,206.5,43.25,0.29999999999999716
414,207.0,43.4,0.3999999999999986
415,207.5,43.65,0.5
416,208.0,43.9,0.30000000000000426
417,208.5,43.95,0.10000000000000142
418,209.0,44.0,-0.20000000000000284
419,209.5,43.75,-0.5
420,210.0,43.5,-0.7000000000000028
421,210.5,43.05,-0.8999999999999986
422,211.0,42.6,-1.0
423,211.5,42.05,-1.1000000000000014
424,212.0,41.5,-0.9499999999999957
425,212.5,41.1,-0.7999999999999972
426,213.0,40.7,-0.75
427,213.5,40.35,-0.7000000000000028
428,214.0,40.0,-0.3500000000000014
429,214.5,40.0,0.0
430,215.0,40.0,0.14999999999999858
431,215.5,40.15,0.29999999999999716
432,216.0,40.3,0.5
433,216.5,40.65,0.7000000000000028
434,217.0,41.0,0.8500000000000014
435,217.5,41.5,1.0
436,218.0,42.0,0.8500000000000014
437,218.5,42.35,0.7000000000000028
438,219.0,42.7,0.5500000000000043
439,219.5,42.900000000000006,0.3999999999999986
440,220.0,43.1,0.25
441,220.5,43.150000000000006,0.10000000000000142
442,221.0,43.2,0.14999999999999147
443,221.5,43.3,0.19999999999999574
444,222.0,43.4,0.3500000000000014
445,222.5,43.65,0.5
446,223.0,43.9,0.44999999999999574
447,223.5,44.099999999999994,0.3999999999999986
448,224.0,44.3,0.4000000000000057
449,224.5,44.5,0.4000000000000057
450,225.0,44.7,0.4000000000000057
451,225.5,44.900000000000006,0.3999999999999986
452,226.0,45.1,0.3499999999999943
453,226.5,45.25,0.29999999999999716
454,227.0,45.4,0.3499999999999943
455,227.5,45.599999999999994,0.3999999999999986
456,228.0,45.8,0.5500000000000043
457,228.5,46.15,0.7000000000000028
458,229.0,46.5,0.5500000000000043
459,229.5,46.7,0.3999999999999986
460,230.0,46.9,0.3499999999999943
461,230.5,47.05,0.30000000000000426
462,231.0,47.2,0.25
463,231.5,47.3,0.19999999999999574
464,232.0,47.4,0.04999999999999716
465,232.5,47.349999999999994,-0.10000000000000142
466,233.0,47.3,-0.04999999999999716
467,233.5,47.3,0.0
468,234.0,47.3,-0.04999999999999716
469,234.5,47.25,-0.09999999999999432
470,235.0,47.2,-0.04999999999999716
471,235.5,47.2,0.0
472,236.0,47.2,0.0
473,236.5,47.2,0.0
474,237.0,47.2,-0.04999999999999716
475,237.5,47.150000000000006,-0.10000000000000142
476,238.0,47.1,-0.10000000000000853
477,238.5,47.05,-0.10000000000000142
478,239.0,47.0,-0.04999999999999716
479,239.5,47.0,0.0
480,240.0,47.0,-0.04999999999999716
481,240.5,46.95,-0.10000000000000142
482,241.0,46.9,-0.10000000000000853
483,241.5,46.849999999999994,-0.10000000000000142
484,242.0,46.8,0.0
485,242.5,46.849999999999994,0.10000000000000142
486,243.0,46.9,0.10000000000000853
487,243.5,46.95,0.10000000000000142
488,244.0,47.0,0.14999999999999858
489,244.5,47.1,0.20000000000000284
490,245.0,47.2,0.25
491,245.5,47.35,0.29999999999999716
492,246.0,47.5,0.3500000000000014
493,246.5,47.7,0.3999999999999986
494,247.0,47.9,0.25
495,247.5,47.95,0.10000000000000142
496,248.0,48.0,0.04999999999999716
497,248.5,48.0,0.0
498,249.0,48.0,0.0
499,249.5,48.0,0.0
500,250.0,48.0,0.0
501,250.5,48.0,0.0
502,251.0,48.0,0.0
503,251.5,48.0,0.0
504,252.0,48.0,0.04999999999999716
505,252.5,48.05,0.10000000000000142
506,253.0,48.1,0.10000000000000853
507,253.5,48.150000000000006,0.10000000000000142
508,254.0,48.2,0.04999999999999716
509,254.5,48.2,0.0
510,255.0,48.2,-0.04999999999999716
511,255.5,48.150000000000006,-0.10000000000000142
512,256.0,48.1,0.19999999999999574
513,256.5,48.35,0.5
514,257.0,48.6,0.3999999999999986
515,257.5,48.75,0.29999999999999716
516,258.0,48.9,0.25
517,258.5,49.0,0.20000000000000284
518,259.0,49.1,0.10000000000000142
519,259.5,49.1,0.0
520,260.0,49.1,0.0
521,260.5,49.1,0.0
522,261.0,49.1,0.0
523,261.5,49.1,0.0
524,262.0,49.1,0.0
525,262.5,49.1,0.0
526,263.0,49.1,-0.05000000000000426
527,263.5,49.05,-0.10000000000000142
528,264.0,49.0,-0.09999999999999432
529,264.5,48.95,-0.10000000000000142
530,265.0,48.9,-0.4000000000000057
531,265.5,48.55,-0.6999999999999957
532,266.0,48.2,-0.5999999999999943
533,266.5,47.95,-0.5
534,267.0,47.7,-0.3500000000000014
535,267.5,47.6,-0.20000000000000284
536,268.0,47.5,-0.25
537,268.5,47.35,-0.29999999999999716
538,269.0,47.2,-0.3999999999999986
539,269.5,46.95,-0.5
540,270.0,46.7,-0.5
541,270.5,46.45,-0.5
542,271.0,46.2,-0.3500000000000014
543,271.5,46.1,-0.20000000000000284
544,272.0,46.0,-0.20000000000000284
545,272.5,45.9,-0.20000000000000284
546,273.0,45.8,-0.19999999999999574
547,273.5,45.7,-0.19999999999999574
548,274.0,45.6,-0.20000000000000284
549,274.5,45.5,-0.20000000000000284
550,275.0,45.4,-0.20000000000000284
551,275.5,45.3,-0.19999999999999574
552,276.0,45.2,-0.19999999999999574
553,276.5,45.1,-0.20000000000000284
554,277.0,45.0,-0.25
555,277.5,44.85,-0.29999999999999716
556,278.0,44.7,-0.25
557,278.5,44.6,-0.20000000000000284
558,279.0,44.5,-0.25
559,279.5,44.35,-0.29999999999999716
560,280.0,44.2,-0.5
561,280.5,43.85,-0.7000000000000028
562,281.0,43.5,-0.7000000000000028
563,281.5,43.15,-0.7000000000000028
564,282.0,42.8,-0.75
565,282.5,42.4,-0.7999999999999972
566,283.0,42.0,-1.3500000000000014
567,283.5,41.05,-1.8999999999999986
568,284.0,40.1,-1.6999999999999957
569,284.5,39.35,-1.5
570,285.0,38.6,-1.3000000000000043
571,285.5,38.05,-1.1000000000000014
572,286.0,37.5,-1.3999999999999986
573,286.5,36.65,-1.7000000000000028
574,287.0,35.8,-1.3999999999999986
575,287.5,35.25,-1.0999999999999943
576,288.0,34.7,-0.8999999999999986
577,288.5,34.35,-0.7000000000000028
578,289.0,34.0,-0.7000000000000028
579,289.5,33.65,-0.7000000000000028
580,290.0,33.3,-0.75
581,290.5,32.9,-0.7999999999999972
582,291.0,32.5,-0.7999999999999972
583,291.5,32.1,-0.8000000000000007
584,292.0,31.7,-0.9500000000000028
585,292.5,31.15,-1.0999999999999979
586,293.0,30.6,-1.0499999999999972
587,293.5,30.1,-1.0
588,294.0,29.6,-0.8999999999999986
589,294.5,29.200000000000003,-0.8000000000000007
590,295.0,28.8,-0.6000000000000014
591,295.5,28.6,-0.40000000000000213
592,296.0,28.4,-0.10000000000000142
593,296.5,28.5,0.20000000000000284
594,297.0,28.6,0.5500000000000007
595,297.5,29.05,0.8999999999999986
596,298.0,29.5,1.3999999999999986
597,298.5,30.45,1.8999999999999986
598,299.0,31.4,1.9499999999999993
599,299.5,32.4,2.0
600,300.0,33.4,2.1000000000000014
601,300.5,34.5,2.200000000000003
602,301.0,35.6,2.049999999999997
603,301.5,36.55,1.8999999999999986
604,302.0,37.5,1.75
605,302.5,38.3,1.6000000000000014
606,303.0,39.1,1.3500000000000085
607,303.5,39.650000000000006,1.1000000000000014
608,304.0,40.2,1.0
609,304.5,40.650000000000006,0.8999999999999986
610,305.0,41.1,0.7999999999999972
611,305.5,41.45,0.6999999999999957
612,306.0,41.8,0.6499999999999915
613,306.5,42.099999999999994,0.6000000000000014
614,307.0,42.4,0.5
615,307.5,42.599999999999994,0.3999999999999986
616,308.0,42.8,0.45000000000000284
617,308.5,43.05,0.5
618,309.0,43.3,0.5
619,309.5,43.55,0.5
620,310.0,43.8,0.5
621,310.5,44.05,0.5
622,311.0,44.3,0.45000000000000284
623,311.5,44.5,0.4000000000000057
624,312.0,44.7,0.3500000000000014
625,312.5,44.85,0.29999999999999716
626,313.0,45.0,0.25
627,313.5,45.1,0.20000000000000284
628,314.0,45.2,0.19999999999999574
629,314.5,45.3,0.19999999999999574
630,315.0,45.4,0.15000000000000568
631,315.5,45.45,0.10000000000000142
632,316.0,45.5,0.19999999999999574
633,316.5,45.65,0.29999999999999716
634,317.0,45.8,0.25
635,317.5,45.9,0.20000000000000284
636,318.0,46.0,0.14999999999999858
637,318.5,46.05,0.10000000000000142
638,319.0,46.1,0.25
639,319.5,46.3,0.3999999999999986
640,320.0,46.5,0.3500000000000014
641,320.5,46.65,0.29999999999999716
642,321.0,46.8,0.30000000000000426
643,321.5,46.95,0.30000000000000426
644,322.0,47.1,0.45000000000000284
645,322.5,47.400000000000006,0.6000000000000014
646,323.0,47.7,0.5999999999999943
647,323.5,48.0,0.5999999999999943
648,324.0,48.3,0.6499999999999986
649,324.5,48.65,0.7000000000000028
650,325.0,49.0,0.7000000000000028
651,325.5,49.35,0.7000000000000028
652,326.0,49.7,0.6499999999999986
653,326.5,50.0,0.5999999999999943
654,327.0,50.3,0.6499999999999986
655,327.5,50.65,0.7000000000000028
656,328.0,51.0,0.7000000000000028
657,328.5,51.35,0.7000000000000028
658,329.0,51.7,0.6999999999999957
659,329.5,52.05,0.6999999999999957
660,330.0,52.4,0.7000000000000028
661,330.5,52.75,0.7000000000000028
662,331.0,53.1,0.7000000000000028
663,331.5,53.45,0.6999999999999957
664,332.0,53.8,0.6999999999999957
665,332.5,54.15,0.7000000000000028
666,333.0,54.5,0.7000000000000028
667,333.5,54.85,0.7000000000000028
668,334.0,55.2,0.6499999999999986
669,334.5,55.5,0.5999999999999943
670,335.0,55.8,0.5999999999999943
671,335.5,56.099999999999994,0.6000000000000014
672,336.0,56.4,0.5500000000000043
673,336.5,56.65,0.5
674,337.0,56.9,0.30000000000000426
675,337.5,56.95,0.10000000000000142
676,338.0,57.0,0.09999999999999432
677,338.5,57.05,0.10000000000000142
678,339.0,57.1,0.15000000000000568
679,339.5,57.2,0.19999999999999574
680,340.0,57.3,0.25
681,340.5,57.45,0.30000000000000426
682,341.0,57.6,0.25
683,341.5,57.7,0.19999999999999574
684,342.0,57.8,0.19999999999999574
685,342.5,57.9,0.20000000000000284
686,343.0,58.0,0.14999999999999858
687,343.5,58.05,0.10000000000000142
688,344.0,58.1,0.20000000000000284
689,344.5,58.25,0.29999999999999716
690,345.0,58.4,0.29999999999999716
691,345.5,58.55,0.30000000000000426
692,346.0,58.7,0.20000000000000284
693,346.5,58.75,0.09999999999999432
694,347.0,58.8,0.09999999999999432
695,347.5,58.849999999999994,0.10000000000000142
696,348.0,58.9,0.10000000000000853
697,348.5,58.95,0.10000000000000142
698,349.0,59.0,0.04999999999999716
699,349.5,59.0,0.0
700,350.0,59.0,-0.04999999999999716
701,350.5,58.95,-0.10000000000000142
702,351.0,58.9,-0.10000000000000853
703,351.5,58.849999999999994,-0.10000000000000142
704,352.0,58.8,-0.14999999999999147
705,352.5,58.7,-0.19999999999999574
706,353.0,58.6,-0.20000000000000284
707,353.5,58.5,-0.20000000000000284
708,354.0,58.4,-0.20000000000000284
709,354.5,58.3,-0.19999999999999574
710,355.0,58.2,-0.14999999999999147
711,355.5,58.150000000000006,-0.10000000000000142
712,356.0,58.1,-0.10000000000000853
713,356.5,58.05,-0.10000000000000142
714,357.0,58.0,-0.09999999999999432
715,357.5,57.95,-0.10000000000000142
716,358.0,57.9,-0.20000000000000284
717,358.5,57.75,-0.29999999999999716
718,359.0,57.6,-0.25
719,359.5,57.5,-0.20000000000000284
720,360.0,57.4,-0.20000000000000284
721,360.5,57.3,-0.19999999999999574
722,361.0,57.2,-0.14999999999999147
723,361.5,57.150000000000006,-0.10000000000000142
724,362.0,57.1,-0.10000000000000853
725,362.5,57.05,-0.10000000000000142
726,363.0,57.0,-0.04999999999999716
727,363.5,57.0,0.0
728,364.0,57.0,-0.04999999999999716
729,364.5,56.95,-0.10000000000000142
730,365.0,56.9,-0.05000000000000426
731,365.5,56.9,0.0
732,366.0,56.9,0.0
733,366.5,56.9,0.0
734,367.0,56.9,0.05000000000000426
735,367.5,56.95,0.10000000000000142
736,368.0,57.0,0.04999999999999716
737,368.5,57.0,0.0
738,369.0,57.0,0.0
739,369.5,57.0,0.0
740,370.0,57.0,0.0
741,370.5,57.0,0.0
742,371.0,57.0,0.0
743,371.5,57.0,0.0
744,372.0,57.0,0.0
745,372.5,57.0,0.0
746,373.0,57.0,0.0
747,373.5,57.0,0.0
748,374.0,57.0,0.0
749,374.5,57.0,0.0
750,375.0,57.0,0.0
751,375.5,57.0,0.0
752,376.0,57.0,-0.04999999999999716
753,376.5,56.95,-0.10000000000000142
754,377.0,56.9,-0.10000000000000853
755,377.5,56.849999999999994,-0.10000000000000142
756,378.0,56.8,-0.19999999999999574
757,378.5,56.65,-0.29999999999999716
758,379.0,56.5,-0.29999999999999716
759,379.5,56.35,-0.29999999999999716
760,380.0,56.2,-0.25
761,380.5,56.1,-0.20000000000000284
762,381.0,56.0,-0.10000000000000142
763,381.5,56.0,0.0
764,382.0,56.0,0.0
765,382.5,56.0,0.0
766,383.0,56.0,0.0
767,383.5,56.05,0.0
768,384.0,56.1,0.0
769,384.5,56.25,0.0
770,385.0,56.4,0.0
771,385.5,56.55,0.0
772,386.0,56.7,0.0
773,386.5,56.8,0.0
774,387.0,56.9,0.0
775,387.5,57.0,0.0
776,388.0,57.1,0.0
777,388.5,57.2,0.0
778,389.0,57.3,0.0
779,389.5,57.349999999999994,0.0
780,390.0,57.4,0.0
781,390.5,57.4,0.0
782,391.0,57.4,0.0
783,391.5,57.3,0.0
784,392.0,57.2,0.0
785,392.5,57.1,0.0
786,393.0,57.0,0.0
787,393.5,56.95,0.0
788,394.0,56.9,0.0
789,394.5,56.75,0.0
790,395.0,56.6,0.0
791,395.5,56.45,0.0
792,396.0,56.3,0.0
793,396.5,56.2,0.0
794,397.0,56.1,0.0
795,397.5,56.25,0.0
796,398.0,56.4,0.0
797,398.5,56.55,0.0
798,399.0,56.7,0.0
799,399.5,56.900000000000006,0.0
800,400.0,57.1,0.0
801,400.5,57.3,0.0
802,401.0,57.5,0.0
803,401.5,57.65,0.0
804,402.0,57.8,0.0
805,402.5,57.9,0.0
806,403.0,58.0,0.0
807,403.5,58.0,0.0
808,404.0,58.0,0.0
809,404.5,58.0,0.0
810,405.0,58.0,0.0
811,405.5,58.0,0.0
812,406.0,58.0,0.0
813,406.5,58.0,0.0
814,407.0,58.0,0.0
815,407.5,58.0,0.0
816,408.0,58.0,0.0
817,408.5,57.95,0.0
818,409.0,57.9,0.0
819,409.5,57.849999999999994,0.0
820,410.0,57.8,0.0
821,410.5,57.75,0.0
822,411.0,57.7,0.0
823,411.5,57.7,0.0
824,412.0,57.7,0.0
825,412.5,57.75,0.0
826,413.0,57.8,0.0
827,413.5,57.849999999999994,0.0
828,414.0,57.9,0.0
829,414.5,57.95,0.0
830,415.0,58.0,0.0
831,415.5,58.05,0.0
832,416.0,58.1,0.0
833,416.5,58.25,0.0
834,417.0,58.4,0.0
835,417.5,58.65,0.0
836,418.0,58.9,0.0
837,418.5,59.0,0.0
838,419.0,59.1,0.0
839,419.5,59.25,0.0
840,420.0,59.4,0.0
841,420.5,59.599999999999994,0.0
842,421.0,59.8,0.0
843,421.5,59.849999999999994,0.0
844,422.0,59.9,0.0
845,422.5,59.9,0.0
846,423.0,59.9,0.0
847,423.5,59.849999999999994,0.0
848,424.0,59.8,0.0
849,424.5,59.7,0.0
850,425.0,59.6,0.0
851,425.5,59.5,0.0
852,426.0,59.4,0.0
853,426.5,59.3,0.0
854,427.0,59.2,0.0
855,427.5,59.150000000000006,0.0
856,428.0,59.1,0.0
857,428.5,59.05,0.0
858,429.0,59.0,0.0
859,429.5,58.95,0.0
860,430.0,58.9,0.0
861,430.5,58.8,0.0
862,431.0,58.7,0.0
863,431.5,58.650000000000006,0.0
864,432.0,58.6,0.0
865,432.5,58.55,0.0
866,433.0,58.5,0.0
867,433.5,58.45,0.0
868,434.0,58.4,0.0
869,434.5,58.4,0.0
870,435.0,58.4,0.0
871,435.5,58.349999999999994,0.0
872,436.0,58.3,0.0
873,436.5,58.25,0.0
874,437.0,58.2,0.0
875,437.5,58.150000000000006,0.0
876,438.0,58.1,0.0
877,438.5,58.05,0.0
878,439.0,58.0,0.0
879,439.5,57.95,0.0
880,440.0,57.9,0.0
881,440.5,57.9,0.0
882,441.0,57.9,0.0
883,441.5,57.9,0.0
884,442.0,57.9,0.0
885,442.5,57.9,0.0
886,443.0,57.9,0.0
887,443.5,57.9,0.0
888,444.0,57.9,0.0
889,444.5,57.95,0.0
890,445.0,58.0,0.0
891,445.5,58.05,0.0
892,446.0,58.1,0.0
893,446.5,58.1,0.0
894,447.0,58.1,0.0
895,447.5,58.150000000000006,0.0
896,448.0,58.2,0.0
897,448.5,58.2,0.0
898,449.0,58.2,0.0
899,449.5,58.2,0.0
900,450.0,58.2,0.0
901,450.5,58.150000000000006,0.0
902,451.0,58.1,0.0
903,451.5,58.05,0.0
904,452.0,58.0,0.0
905,452.5,58.0,0.0
906,453.0,58.0,0.0
907,453.5,58.0,0.0
908,454.0,58.0,0.0
909,454.5,58.0,0.0
910,455.0,58.0,0.0
911,455.5,58.0,0.0
912,456.0,58.0,0.0
913,456.5,58.0,0.0
914,457.0,58.0,0.0
915,457.5,57.95,0.0
916,458.0,57.9,0.0
917,458.5,57.9,0.0
918,459.0,57.9,0.0
919,459.5,57.95,0.0
920,460.0,58.0,0.0
921,460.5,58.05,0.0
922,461.0,58.1,0.0
923,461.5,58.1,0.0
924,462.0,58.1,0.0
925,462.5,58.150000000000006,0.0
926,463.0,58.2,0.0
927,463.5,58.25,0.0
928,464.0,58.3,0.0
929,464.5,58.3,0.0
930,465.0,58.3,0.0
931,465.5,58.3,0.0
932,466.0,58.3,0.0
933,466.5,58.25,0.0
934,467.0,58.2,0.0
935,467.5,58.150000000000006,0.0
936,468.0,58.1,0.0
937,468.5,58.05,0.0
938,469.0,58.0,0.0
939,469.5,57.9,0.0
940,470.0,57.8,0.0
941,470.5,57.65,0.0
942,471.0,57.5,0.0
943,471.5,57.3,0.0
944,472.0,57.1,0.0
945,472.5,57.05,0.0
946,473.0,57.0,0.0
947,473.5,56.8,0.0
948,474.0,56.6,0.0
949,474.5,56.35,0.0
950,475.0,56.1,0.0
951,475.5,56.05,0.0
952,476.0,56.0,0.0
953,476.5,55.9,0.0
954,477.0,55.8,0.0
955,477.5,55.65,0.0
956,478.0,55.5,0.0
957,478.5,55.35,0.0
958,479.0,55.2,0.0
959,479.5,55.150000000000006,0.0
960,480.0,55.1,0.0
961,480.5,55.05,0.0
962,481.0,55.0,0.0
963,481.5,54.95,0.0
964,482.0,54.9,0.0
965,482.5,54.9,0.0
966,483.0,54.9,0.0
967,483.5,54.9,0.0
968,484.0,54.9,0.0
969,484.5,54.9,0.0
970,485.0,54.9,0.0
971,485.5,54.9,0.0
972,486.0,54.9,0.0
973,486.5,54.9,0.0
974,487.0,54.9,0.0
975,487.5,54.95,0.0
976,488.0,55.0,0.0
977,488.5,55.0,0.0
978,489.0,55.0,0.0
979,489.5,55.0,0.0
980,490.0,55.0,0.0
981,490.5,55.0,0.0
982,491.0,55.0,0.0
983,491.5,55.0,0.0
984,492.0,55.0,0.0
985,492.5,55.0,0.0
986,493.0,55.0,0.0
987,493.5,55.05,0.0
988,494.0,55.1,0.0
989,494.5,55.1,0.0
990,495.0,55.1,0.0
991,495.5,55.05,0.0
992,496.0,55.0,0.0
993,496.5,54.95,0.0
994,497.0,54.9,0.0
995,497.5,54.9,0.0
996,498.0,54.9,0.0
997,498.5,54.849999999999994,0.0
998,499.0,54.8,0.0
999,499.5,54.75,0.0
1000,500.0,54.7,0.0
1001,500.5,54.650000000000006,0.0
1002,501.0,54.6,0.0
1003,501.5,54.5,0.0
1004,502.0,54.4,0.0
1005,502.5,54.349999999999994,0.0
1006,503.0,54.3,0.0
1007,503.5,54.3,0.0
1008,504.0,54.3,0.0
1009,504.5,54.25,0.0
1010,505.0,54.2,0.0
1011,505.5,54.150000000000006,0.0
1012,506.0,54.1,0.0
1013,506.5,54.1,0.0
1014,507.0,54.1,0.0
1015,507.5,54.1,0.0
1016,508.0,54.1,0.0
1017,508.5,54.05,0.0
1018,509.0,54.0,0.0
1019,509.5,54.0,0.0
1020,510.0,54.0,0.0
1021,510.5,54.0,0.0
1022,511.0,54.0,0.0
1023,511.5,54.0,0.0
1024,512.0,54.0,0.0
1025,512.5,54.0,0.0
1026,513.0,54.0,0.0
1027,513.5,54.0,0.0
1028,514.0,54.0,0.0
1029,514.5,54.0,0.0
1030,515.0,54.0,0.0
1031,515.5,54.0,0.0
1032,516.0,54.0,0.0
1033,516.5,54.05,0.0
1034,517.0,54.1,0.0
1035,517.5,54.150000000000006,0.0
1036,518.0,54.2,0.0
1037,518.5,54.35,0.0
1038,519.0,54.5,0.0
1039,519.5,54.65,0.0
1040,520.0,54.8,0.0
1041,520.5,54.849999999999994,0.0
1042,521.0,54.9,0.0
1043,521.5,54.95,0.0
1044,522.0,55.0,0.0
1045,522.5,55.05,0.0
1046,523.0,55.1,0.0
1047,523.5,55.150000000000006,0.0
1048,524.0,55.2,0.0
1049,524.5,55.2,0.0
1050,525.0,55.2,0.0
1051,525.5,55.25,0.0
1052,526.0,55.3,0.0
1053,526.5,55.349999999999994,0.0
1054,527.0,55.4,0.0
1055,527.5,55.45,0.0
1056,528.0,55.5,0.0
1057,528.5,55.55,0.0
1058,529.0,55.6,0.0
1059,529.5,55.650000000000006,0.0
1060,530.0,55.7,0.0
1061,530.5,55.75,0.0
1062,531.0,55.8,0.0
1063,531.5,55.849999999999994,0.0
1064,532.0,55.9,0.0
1065,532.5,55.95,0.0
1066,533.0,56.0,0.0
1067,533.5,56.0,0.0
1068,534.0,56.0,0.0
1069,534.5,56.0,0.0
1070,535.0,56.0,0.0
1071,535.5,56.0,0.0
1072,536.0,56.0,0.0
1073,536.5,56.0,0.0
1074,537.0,56.0,0.0
1075,537.5,56.0,0.0
1076,538.0,56.0,0.0
1077,538.5,56.0,0.0
1078,539.0,56.0,0.0
1079,539.5,56.0,0.0
1080,540.0,56.0,0.0
1081,540.5,56.0,0.0
1082,541.0,56.0,0.0
1083,541.5,56.0,0.0
1084,542.0,56.0,0.0
1085,542.5,56.0,0.0
1086,543.0,56.0,0.0
1087,543.5,56.0,0.0
1088,544.0,56.0,0.0
1089,544.5,56.0,0.0
1090,545.0,56.0,0.0
1091,545.5,56.0,0.0
1092,546.0,56.0,0.0
1093,546.5,55.95,0.0
1094,547.0,55.9,0.0
1095,547.5,55.9,0.0
1096,548.0,55.9,0.0
1097,548.5,55.9,0.0
1098,549.0,55.9,0.0
1099,549.5,55.849999999999994,0.0
1100,550.0,55.8,0.0
1101,550.5,55.7,0.0
1102,551.0,55.6,0.0
1103,551.5,55.5,0.0
1104,552.0,55.4,0.0
1105,552.5,55.3,0.0
1106,553.0,55.2,0.0
1107,553.5,55.150000000000006,0.0
1108,554.0,55.1,0.0
1109,554.5,55.05,0.0
1110,555.0,55.0,0.0
1111,555.5,54.95,0.0
1112,556.0,54.9,0.0
1113,556.5,54.75,0.0
1114,557.0,54.6,0.0
1115,557.5,54.5,0.0
1116,558.0,54.4,0.0
1117,558.5,54.3,0.0
1118,559.0,54.2,0.0
1119,559.5,54.150000000000006,0.0
1120,560.0,54.1,0.0
1121,560.5,53.95,0.0
1122,561.0,53.8,0.0
1123,561.5,53.599999999999994,0.0
1124,562.0,53.4,0.0
1125,562.5,53.349999999999994,0.0
1126,563.0,53.3,0.0
1127,563.5,53.2,0.0
1128,564.0,53.1,0.0
1129,564.5,53.0,0.0
1130,565.0,52.9,0.0
1131,565.5,52.75,0.0
1132,566.0,52.6,0.0
1133,566.5,52.5,0.0
1134,567.0,52.4,0.0
1135,567.5,52.3,0.0
1136,568.0,52.2,0.0
1137,568.5,52.150000000000006,0.0
1138,569.0,52.1,0.0
1139,569.5,52.05,0.0
1140,570.0,52.0,0.0
1141,570.5,52.0,0.0
1142,571.0,52.0,0.0
1143,571.5,52.0,0.0
1144,572.0,52.0,0.0
1145,572.5,52.0,0.0
1146,573.0,52.0,0.0
1147,573.5,52.05,0.0
1148,574.0,52.1,0.0
1149,574.5,52.05,0.0
1150,575.0,52.0,0.0
1151,575.5,52.0,0.0
1152,576.0,52.0,0.0
1153,576.5,51.95,0.0
1154,577.0,51.9,0.0
1155,577.5,51.75,0.0
1156,578.0,51.6,0.0
1157,578.5,51.5,0.0
1158,579.0,51.4,0.0
1159,579.5,51.25,0.0
1160,580.0,51.1,0.0
1161,580.5,50.900000000000006,0.0
1162,581.0,50.7,0.0
1163,581.5,50.5,0.0
1164,582.0,50.3,0.0
1165,582.5,50.05,0.0
1166,583.0,49.8,0.0
1167,583.5,49.55,0.0
1168,584.0,49.3,0.0
1169,584.5,49.0,0.0
1170,585.0,48.7,0.0
1171,585.5,48.45,0.0
1172,586.0,48.2,0.0
1173,586.5,48.150000000000006,0.0
1174,587.0,48.1,0.0
1175,587.5,48.05,0.0
1176,588.0,48.0,0.0
1177,588.5,48.0,0.0
1178,589.0,48.0,0.0
1179,589.5,48.05,0.0
1180,590.0,48.1,0.0
1181,590.5,48.25,0.0
1182,591.0,48.4,0.0
1183,591.5,48.65,0.0
1184,592.0,48.9,0.0
1185,592.5,48.95,0.0
1186,593.0,49.0,0.0
1187,593.5,49.05,0.0
1188,594.0,49.1,0.0
1189,594.5,49.1,0.0
1190,595.0,49.1,0.0
1191,595.5,49.05,0.0
1192,596.0,49.0,0.0
1193,596.5,49.0,0.0
1194,597.0,49.0,0.0
1195,597.5,48.95,0.0
1196,598.0,48.9,0.0
1197,598.5,48.75,0.0
1198,599.0,48.6,0.0
1199,599.5,48.45,0.0
1200,600.0,48.3,0.0
1201,600.5,48.15,0.0
1202,601.0,48.0,0.0
1203,601.5,47.95,0.0
1204,602.0,47.9,0.0
1205,602.5,47.849999999999994,0.0
1206,603.0,47.8,0.0
1207,603.5,47.75,0.0
1208,604.0,47.7,0.0
1209,604.5,47.8,0.0
1210,605.0,47.9,0.0
1211,605.5,48.099999999999994,0.0
1212,606.0,48.3,0.0
1213,606.5,48.65,0.0
1214,607.0,49.0,0.0
1215,607.5,49.05,0.0
1216,608.0,49.1,0.0
1217,608.5,49.05,0.0
1218,609.0,49.0,0.0
1219,609.5,48.95,0.0
1220,610.0,48.9,0.0
1221,610.5,48.45,0.0
1222,611.0,48.0,0.0
1223,611.5,47.55,0.0
1224,612.0,47.1,0.0
1225,612.5,46.650000000000006,0.0
1226,613.0,46.2,0.0
1227,613.5,46.150000000000006,0.0
1228,614.0,46.1,0.0
1229,614.5,46.1,0.0
1230,615.0,46.1,0.0
1231,615.5,46.150000000000006,0.0
1232,616.0,46.2,0.0
1233,616.5,46.55,0.0
1234,617.0,46.9,0.0
1235,617.5,47.349999999999994,0.0
1236,618.0,47.8,0.0
1237,618.5,48.4,0.0
1238,619.0,49.0,0.0
1239,619.5,49.35,0.0
1240,620.0,49.7,0.0
1241,620.5,50.150000000000006,0.0
1242,621.0,50.6,0.0
1243,621.5,51.05,0.0
1244,622.0,51.5,0.0
1245,622.5,51.85,0.0
1246,623.0,52.2,0.0
1247,623.5,52.45,0.0
1248,624.0,52.7,0.0
1249,624.5,52.85,0.0
1250,625.0,53.0,0.0
1251,625.5,53.3,0.0
1252,626.0,53.6,0.0
1253,626.5,53.8,0.0
1254,627.0,54.0,0.0
1255,627.5,54.05,0.0
1256,628.0,54.1,0.0
1257,628.5,54.25,0.0
1258,629.0,54.4,0.0
1259,629.5,54.55,0.0
1260,630.0,54.7,0.0
1261,630.5,54.900000000000006,0.0
1262,631.0,55.1,0.0
1263,631.5,55.25,0.0
1264,632.0,55.4,0.0
1265,632.5,55.4,0.0
1266,633.0,55.4,0.0
1267,633.5,55.2,0.0
1268,634.0,55.0,0.0
1269,634.5,54.75,0.0
1270,635.0,54.5,0.0
1271,635.5,54.05,0.0
1272,636.0,53.6,0.0
1273,636.5,53.05,0.0
1274,637.0,52.5,0.0
1275,637.5,51.35,0.0
1276,638.0,50.2,0.0
1277,638.5,49.2,0.0
1278,639.0,48.2,0.0
1279,639.5,47.35,0.0
1280,640.0,46.5,0.0
1281,640.5,46.35,0.0
1282,641.0,46.2,0.0
1283,641.5,46.1,0.0
1284,642.0,46.0,0.0
1285,642.5,46.0,0.0
1286,643.0,46.0,0.0
1287,643.5,46.15,0.0
1288,644.0,46.3,0.0
1289,644.5,46.55,0.0
1290,645.0,46.8,0.0
1291,645.5,47.15,0.0
1292,646.0,47.5,0.0
1293,646.5,47.85,0.0
1294,647.0,48.2,0.0
1295,647.5,48.5,0.0
1296,648.0,48.8,0.0
1297,648.5,49.15,0.0
1298,649.0,49.5,0.0
1299,649.5,49.85,0.0
1300,650.0,50.2,0.0
1301,650.5,50.45,0.0
1302,651.0,50.7,0.0
1303,651.5,50.900000000000006,0.0
1304,652.0,51.1,0.0
1305,652.5,51.400000000000006,0.0
1306,653.0,51.7,0.0
1307,653.5,51.95,0.0
1308,654.0,52.2,0.0
1309,654.5,52.35,0.0
1310,655.0,52.5,0.0
1311,655.5,52.3,0.0
1312,656.0,52.1,0.0
1313,656.5,51.85,0.0
1314,657.0,51.6,0.0
1315,657.5,51.35,0.0
1316,658.0,51.1,0.0
1317,658.5,51.05,0.0
1318,659.0,51.0,0.0
1319,659.5,51.0,0.0
1320,660.0,51.0,0.0
1321,660.5,51.05,0.0
1322,661.0,51.1,0.0
1323,661.5,51.25,0.0
1324,662.0,51.4,0.0
1325,662.5,51.55,0.0
1326,663.0,51.7,0.0
1327,663.5,51.85,0.0
1328,664.0,52.0,0.0
1329,664.5,52.1,0.0
1330,665.0,52.2,0.0
1331,665.5,52.35,0.0
1332,666.0,52.5,0.0
1333,666.5,52.65,0.0
1334,667.0,52.8,0.0
1335,667.5,52.75,0.0
1336,668.0,52.7,0.0
1337,668.5,52.650000000000006,0.0
1338,669.0,52.6,0.0
1339,669.5,52.45,0.0
1340,670.0,52.3,0.0
1341,670.5,52.3,0.0
1342,671.0,52.3,0.0
1343,671.5,52.349999999999994,0.0
1344,672.0,52.4,0.0
1345,672.5,52.45,0.0
1346,673.0,52.5,0.0
1347,673.5,52.6,0.0
1348,674.0,52.7,0.0
1349,674.5,52.7,0.0
1350,675.0,52.7,0.0
1351,675.5,52.55,0.0
1352,676.0,52.4,0.0
1353,676.5,52.25,0.0
1354,677.0,52.1,0.0
1355,677.5,51.900000000000006,0.0
1356,678.0,51.7,0.0
1357,678.5,51.400000000000006,0.0
1358,679.0,51.1,0.0
1359,679.5,50.8,0.0
1360,680.0,50.5,0.0
1361,680.5,50.3,0.0
1362,681.0,50.1,0.0
1363,681.5,49.95,0.0
1364,682.0,49.8,0.0
1365,682.5,49.75,0.0
1366,683.0,49.7,0.0
1367,683.5,49.650000000000006,0.0
1368,684.0,49.6,0.0
1369,684.5,49.55,0.0
1370,685.0,49.5,0.0
1371,685.5,49.5,0.0
1372,686.0,49.5,0.0
1373,686.5,49.6,0.0
1374,687.0,49.7,0.0
1375,687.5,49.85,0.0
1376,688.0,50.0,0.0
1377,688.5,50.1,0.0
1378,689.0,50.2,0.0
1379,689.5,50.400000000000006,0.0
1380,690.0,50.6,0.0
1381,690.5,50.85,0.0
1382,691.0,51.1,0.0
1383,691.5,51.35,0.0
1384,692.0,51.6,0.0
1385,692.5,51.75,0.0
1386,693.0,51.9,0.0
1387,693.5,51.95,0.0
1388,694.0,52.0,0.0
1389,694.5,52.05,0.0
1390,695.0,52.1,0.0
1391,695.5,52.25,0.0
1392,696.0,52.4,0.0
1393,696.5,52.65,0.0
1394,697.0,52.9,0.0
1395,697.5,53.099999999999994,0.0
1396,698.0,53.3,0.0
1397,698.5,53.5,0.0
1398,699.0,53.7,0.0
1399,699.5,53.95,0.0
1400,700.0,54.2,0.0
1401,700.5,54.35,0.0
1402,701.0,54.5,0.0
1403,701.5,54.65,0.0
1404,702.0,54.8,0.0
1405,702.5,54.9,0.0
1406,703.0,55.0,0.0
1407,703.5,55.25,0.0
1408,704.0,55.5,0.0
1409,704.5,55.7,0.0
1410,705.0,55.9,0.0
1411,705.5,56.0,0.0
1412,706.0,56.1,0.0
1413,706.5,56.2,0.0
1414,707.0,56.3,0.0
1415,707.5,56.349999999999994,0.0
1416,708.0,56.4,0.0
1417,708.5,56.45,0.0
1418,709.0,56.5,0.0
1419,709.5,56.6,0.0
1420,710.0,56.7,0.0
1421,710.5,56.8,0.0
1422,711.0,56.9,0.0
1423,711.5,56.95,0.0
1424,712.0,57.0,0.0
1425,712.5,57.15,0.0
1426,713.0,57.3,0.0
1427,713.5,57.5,0.0
1428,714.0,57.7,0.0
1429,714.5,57.95,0.0
1430,715.0,58.2,0.0
1431,715.5,58.5,0.0
1432,716.0,58.8,0.0
1433,716.5,58.95,0.0
1434,717.0,59.1,0.0
1435,717.5,59.150000000000006,0.0
1436,718.0,59.2,0.0
1437,718.5,59.150000000000006,0.0
1438,719.0,59.1,0.0
1439,719.5,58.95,0.0
1440,720.0,58.8,0.0
1441,720.5,58.65,0.0
1442,721.0,58.5,0.0
1443,721.5,58.3,0.0
1444,722.0,58.1,0.0
1445,722.5,57.900000000000006,0.0
1446,723.0,57.7,0.0
1447,723.5,57.5,0.0
1448,724.0,57.3,0.0
1449,724.5,57.2,0.0
1450,725.0,57.1,0.0
1451,725.5,56.95,0.0
1452,726.0,56.8,0.0
1453,726.5,56.65,0.0
1454,727.0,56.5,0.0
1455,727.5,56.35,0.0
1456,728.0,56.2,0.0
1457,728.5,55.85,0.0
1458,729.0,55.5,0.0
1459,729.5,55.05,0.0
1460,730.0,54.6,0.0
1461,730.5,54.35,0.0
1462,731.0,54.1,0.0
1463,731.5,53.900000000000006,0.0
1464,732.0,53.7,0.0
1465,732.5,53.45,0.0
1466,733.0,53.2,0.0
1467,733.5,53.05,0.0
1468,734.0,52.9,0.0
1469,734.5,52.7,0.0
1470,735.0,52.5,0.0
1471,735.5,52.25,0.0
1472,736.0,52.0,0.0
1473,736.5,51.65,0.0
1474,737.0,51.3,0.0
1475,737.5,50.9,0.0
1476,738.0,50.5,0.0
1477,738.5,50.0,0.0
1478,739.0,49.5,0.0
1479,739.5,49.0,0.0
1480,740.0,48.5,0.0
1481,740.5,48.05,0.0
1482,741.0,47.6,0.0
1483,741.5,47.2,0.0
1484,742.0,46.8,0.0
1485,742.5,46.2,0.0
1486,743.0,45.6,0.0
1487,743.5,44.900000000000006,0.0
1488,744.0,44.2,0.0
1489,744.5,43.35,0.0
1490,745.0,42.5,0.0
1491,745.5,40.85,0.0
1492,746.0,39.2,0.0
1493,746.5,37.55,0.0
1494,747.0,35.9,0.0
1495,747.5,34.25,0.0
1496,748.0,32.6,0.0
1497,748.5,30.950000000000003,0.0
1498,749.0,29.3,0.0
1499,749.5,28.05,0.0
1500,750.0,26.8,0.0
1501,750.5,25.65,0.0
1502,751.0,24.5,0.0
1503,751.5,23.0,0.0
1504,752.0,21.5,0.0
1505,752.5,20.5,0.0
1506,753.0,19.5,0.0
1507,753.5,18.45,0.0
1508,754.0,17.4,0.0
1509,754.5,16.25,0.0
1510,755.0,15.1,0.0
1511,755.5,13.75,0.0
1512,756.0,12.4,0.0
1513,756.5,11.05,0.0
1514,757.0,9.7,0.0
1515,757.5,8.35,0.0
1516,758.0,7.0,0.0
1517,758.5,6.0,0.0
1518,759.0,5.0,0.0
1519,759.5,4.15,0.0
1520,760.0,3.3,0.0
1521,760.5,2.65,0.0
1522,761.0,2.0,0.0
1523,761.5,1.35,0.0
1524,762.0,0.7,0.0
1525,762.5,0.35,0.0
1526,763.0,0.0,0.0
1527,763.5,0.0,0.0
1528,764.0,0.0,0.0
1529,764.5,,0.0
1530,765.0,,0.0
